"geo_id","geo_type","hu","pc_own","tot_pop","pc_un5","pc_un18","pc_ov64","pc_wht","pc_afrm","pc_asn","pc_othm","pc_hisp","hh","fam","pc_fmwc","pc_fhwc","acres","du_cty","du_cmps","prd_viol","foreclsr","asst_unts","avg_huval","sqft_val","avg_n_hval","sqft_n_val","avg_c_hval","sqft_c_val","yrblt_mdn","mdn_rent","qol_cfs","ofns_pers","ofns_prop","ofns_scty","crash","prmry_ems","prmry_fire","pc_nvterm","pc_nappr","pc_nprf35","pc_nhsg","pc_nclgg","pc_hmbl","pc_frlu","pc_lep_hh","cc_prvdrs","cc_cpcty","cc_enrlmt","medhhinc","pc_fmpv","pc_unem","gds_svcs","pc_n_trst","trst_trps","pc_no_vhcl","pc_alt_trn","avg_stcnd"
"550250002022","Census block group","1009","41.5","1931","4.6","14.1","21.4","71.9","5.2","9.6","5.9","7.5","970","463","16.3","3.3","261.4","988","0","4","-5","0","574949","198.8","545775","198.31","220353","175","-5","1607","65","21","28","41","21","237","129","-1","-1","51.9","2.1","33.1","2.9","37.6","1.6","5","318","152","93929","8.6","2.2","P,B","49.7","1741","5","18.3","7.3"
"550250002041","Census block group","641","61.1","1520","11.1","29.3","22.7","56.1","25.4","7.4","5.1","6.1","620","452","36.8","18.4","205","823","0","2","-5","246","455302","188.35","418376","182.09","230293","169.46","-5","373","95","37","43","96","27","568","131","9.5","14.9","61.9","4.9","65","6.6","67.8","0","6","413","232","34792","30.5","15","P,B,G","27.8","2248","19.5","39","6.8"
"550250002042","Census block group","720","77.3","1574","4.5","16.6","33.6","77","2.3","8.3","5.3","7.1","697","424","18.9","3.9","275.1","723","0","5","-5","0","527667","186.46","404552","182.4","269422","225.53","-5","1496","12","5","12","7","22","131","74","-1","-1","41.9","4.2","21.7","3","29.2","4","4","295","80","115553","7.9","0","P,B,G","21.9","1995","0","9","7.1"
"550250002043","Census block group","1256","23.3","2342","8.4","20.8","8.4","47.8","9.5","29.6","4.1","9","1215","530","22.3","4.8","171.6","1301","0","7","-5","96","410416","195.33","384444","214.81","240154","213.89","-5","1237","66","16","56","62","30","234","140","11.1","14.8","45.8","3.5","40.4","4.2","45.3","7.5","2","142","0","80625","3.7","2.5","P,B,G","4.2","1104","7.2","23.6","7.1"
"550250002051","Census block group","554","90.3","1425","5.9","20.1","22.5","81.2","1.7","8.3","4.4","4.5","543","442","29.1","2.3","265.4","559","0","5","-5","0","530977","205.94","468294","210.66","396147","248.5","-5","-5","4","4","4","8","11","62","32","-1","-1","33.3",".6","12.2","2.4","13.8","0","3","161","80","162847","0","0","P,B","58.5","507","0","9.5","6.8"
"550250002052","Census block group","910","35.1","1345","3.8","10.1","39.3","80.2","1.9","9.5","4.8","3.6","889","282","9.4","1.3","171.1","763","0","1","-5","0","527888","202.75","438706","198.22","333749","238.42","-5","1379","11","1","17","2","7","266","91","-1","-1","16.7","0","7.8","2.7","11.8","0","2","153","80","71429","3.7","3.1","P,B","68.8","254","6.5","29","6.2"
"550250002054","Census block group","835","83.3","1701","4.5","14.6","32.1","81.9","2","6.9","5.2","4","808","482","15.5","1.1","422","839","0","13","-5","1","721375","227.65","636762","228.5","352599","254.24","-5","1409","5","0","16","8","13","110","63","-1","-1","28.6","0","19.8","12.7","18.1","0","7","220","144","113304","0","0","B,G","41.5","507","0","4","6.4"
"550250003011","Census block group","1075",".3","1458","1.9","4.8","10.2","47.3","1.9","43.1","3","4.6","986","158","5.9",".8","86.4","1363","0","2","-5","0","-5","-5","-5","-5","-5","-5","-5","1155","14","0","21","4","12","153","115","-1","-1","-1","0","15.4","-1","53.8","11.8","3","66","40","31623","21.9","8","P,B,G","0","2305","21.1","43.8","6.7"
"550250003012","Census block group","780","17.6","1148","3.7","8.7","22.4","64.8","6.1","21.4","2.9","4.9","724","242","13.2","4.4","83.1","852","0","2","-5","95","-5","-5","-5","-5","533426","365.07","-5","1265","43","10","159","64","25","281","199","-1","-1","42.1","1.6","22.2","6.4","44.6","5.4","2","38","2","51875","11.3","0","P,B,G","2.3","2693","22.4","51.5","5.8"
"550250003013","Census block group","658","10.6","1111","3.6","10.7","15.6","46.1","5.9","36.6","4.8","6.6","603","151","7.6","1.8","59.7","659","0","1","-5","5","559467","248.32","729433","211.82","-5","-5","-5","1210","22","3","15","12","11","54","56","-1","-1","35.7","1.7","33.9","7.4","35","2.2","4","84","40","56029","28.2","0","B,G","3.5","2305","7.7","32.6","6.7"
"550250004073","Census block group","551","83.4","1428","4.7","22.8","24.4","70","8.3","5.5","5.3","10.9","541","395","23.1","5","281.1","552","0","11","-5","0","457801","197.24","474800","192.16","200050","170.29","-5","-5","36","2","22","24","19","149","114","14.5","11.3","60.5","3.6","52.8","5.6","59.8","0","11","540","227","117847","0","4.1","P,B,G","40.6","781","0","41.4","7.9"
"550250004081","Census block group","264","15.5","787",".8","2","86.9","90.2","2.4",".8","2.5","4.1","207","55","4.3","1.4","639.7","1186","0","4","-5","78","-5","-5","-5","-5","-5","-5","-5","2852","143","18","106","129","91","621","271","-1","-1","-1","16.7","77.8","6.7","77.8","3.3","11","878","837","42188","0","0","P,B,G","8.9","2522","54.2","0","7.5"
"550250004082","Census block group","931",".6","1202","2.6","6.5","29.7","67.5","10.7","7.8","2.4","11.6","836","183","6.1","2.8","295.5","1150","0","7","-5","81","-5","-5","462100","243.72","-5","-5","-5","1195","137","27","436","213","65","371","249","-1","-1","100","11.3","69.8","7.5","84.7","4.3","14","785","705","39402","9.6","1.2","P,B,G",".1","886","12.8","24.2","7.3"
"550250004091","Census block group","443","64.5","950","4.4","18.7","15.7","54.6","6.2","16.2","5.8","17.2","425","217","21.2","2.1","87.9","440","0","3","-5","1","485714","203.05","416875","203.22","148268","183.8","-5","978","23","3","22","10","43","123","66","-1","-1","27.3","9.8","48.8","0","56.8","0","6","188","131","115800","0","9.9","P,B,G","29.3","886","0","6.3","6.8"
"550250004092","Census block group","660","38.7","1146","3.4","12","9","66.6","4.2","15.1","5.3","8.8","641","225","12.3","2.3","92.7","660","0","2","-5","11","537715","202.17","416300","178.99","222234","230.33","-5","1367","15","1","22","10","9","68","50","-1","-1","-1","13.9","50","4.5","48.7","5.4","1","6","0","61555","0","1.2","P,B,G","8.6","747","17.3","10","6.9"
"550250004093","Census block group","950","47.6","2312","5.6","26.9","12","48.5","14.5","21.8","3.8","11.3","908","554","31.5","6.1","506.1","948","0","5","-5","0","582285","200.3","544375","204.06","182254","153.11","-5","1766","135","33","66","133","21","230","137","8.8","15.2","58.6","6.5","52.3","13.5","58.3","3.1","10","711","131","125536","0","9.9","P,B,G","41.9","986","9","16.8","6.9"
"550250004101","Census block group","518","7.1","834","3.8","9.8","7.2","65","3.8","14.1","3.5","13.5","490","140","11.4","3.1","265.1","1020","0","2","-5","39","-5","-5","-5","-5","117252","190.86","-5","1360","191","27","447","187","78","177","145","-1","-1","68.8","11.5","67.3","20.6","72.4","5.6","6","773","126","70216","0","2.4","P,B,G","47","1995","4.5","26.5","6.9"
"550250004102","Census block group","590","0","956","4","9.3",".9","69.5","5","12.4","4.2","8.9","582","140","8.9","1.2","94.2","593","0","3","-5","0","-5","-5","-5","-5","-5","-5","-5","1246","34","9","45","40","40","113","85","-1","-1","-1","3.6","71.4","6.7","57.1","0","4","561","70","58591","0","0","P,B,G","0","1240","2.3","3.2","7"
"550250005011","Census block group","838","69.3","1757","4.7","17.2","25.2","80.9","4.6","4.2","4.6","5.7","813","475","21.3","2.7","357.4","838","0","13","-5","0","438150","207.59","432386","207.35","214306","146.31","-5","1304","37","12","37","53","18","192","100","-1","-1","30.3","4.8","24.1",".9","30.9","1.4","11","446","90","104259","0","2.3","P,B,G","42.1","881","4.2","11.7","6.8"
"550250005012","Census block group","167","95.6","470","8.3","24.6","22.8","72.8","2.1","5.3","8","11.7","162","117","22.1","1.1","72.8","170","0","2","-5","0","382396","200.06","351118","216.28","-5","-5","-5","-5","7","0","6","4","6","52","26","-1","-1","-1","8.3","37.5","5","37.5","-5","9","292","29","-5","-5","-5","P,B,G","65.3","493","-5","-5","7"
"550250005013","Census block group","391","57.6","854","7.6","22.7","15.3","52.2","23.1","4.8","5.3","14.6","377","225","30.2","9.3","106.7","394","0","6","-5","57","351508","211.1","316905","224.04","-5","-5","-5","997","46","8","38","37","10","121","104","-1","-1","68.9","13.2","84.1","13.3","78.3","15","7","118","30","58750","10.4",".9","P,B","36.5","881","4.3","35.3","7.8"
"550250005014","Census block group","503","60.6","1274","7.5","23.6","15.5","64.8","10.3","5.7","6.9","12.4","487","308","24","6.4","203.9","515","0","5","-5","27","431464","203.13","417194","207.44","176775","149.75","-5","1191","69","20","32","40","12","160","69","-1","-1","60.7","8.5","62.4","3.4","62","7.4","5","104","19","110882","0","0","P,B,G","6.2","881","10.1","9.1","6.9"
"550250005041","Census block group","657","64.6","1455","6.3","19.6","14.6","66.5","9.1","7.5","6","10.9","642","358","23.1","4.2","171","662","0","9","-5","0","390047","215.67","377950","207.11","273865","194.15","-5","1214","33","2","15","13","9","132","73","7.7","25","66.7","3.5","40.7","7.8","39.6","0","6","133","13","109253","0","7.8","B","27.8","881","4.3","38.4","6.7"
"550250005042","Census block group","656","52.9","1423","6.3","19.2","8.4","64.8","8.6","7.8","5.3","13.5","646","376","25.5","6","145.2","653","0","14","-5","16","374547","216.74","364344","215.73","260592","229.32","-5","1101","22","9","17","29","13","114","64","7.3","14.5","62","6.6","57.6","7.4","65","1.4","6","200","172","82744","0","3.7","P,B,G","22.8","978","0","17.7","5.9"
"550250007003","Census block group","527","83.3","1276","5.6","20.5","22.6","85.2","2.7","2.7","5.5","3.9","521","369","32.2","4.8","283.8","581","0","10","-5","0","602445","294.35","648364","302.27","-5","-5","-5","-5","17","8","9","14","26","156","69","-1","-1","26.7","0","10.8","0","7.8","0","6","247","102","158233","0","8.7","P,B,G","26.9","894","0","15.7","6.2"
"550250008001","Census block group","710","27.7","1311","3.7","9.6","7.5","71.1","2.7","11.7","6.7","7.8","686","231","12.6","2.9","103.2","711","47","5","-5","4","456935","311.08","396445","329.59","191553","248.87","-5","1646","15","1","23","22","20","51","38","-1","-1","-1","0","6.3","0","9.4","1.6","4","249","187","67674","0","0","P,B,G","2.4","2490","12.7","49.1","5.7"
"550250008002","Census block group","636","93.7","1494","6.3","22.7","22.4","86.6","1.1","1.7","6.4","4.2","622","427","31.4","3.4","232.9","667","0","8","-5","0","582124","297.21","509074","310.6","-5","-5","-5","2510","16","1","4","21","8","64","34","-1","-1","23.9","0","1.6","2.1","8.1","0","2","77","44","126146","3.3","2.7","B,G","33.3","786","8.7","23.5","6.8"
"550250008003","Census block group","544","70.4","1044","5","16.6","16.9","80","4.6","5.3","5.4","4.7","525","290","19.4","2.5","137","538","0","8","-5","8","494519","308.3","449267","317.41","-5","-5","-5","1316","7","1","7","1","36","92","77","-1","-1","28","1.9","16.6","3.5","14.5","0","1","32","0","83958","0","2.3","P,B,G","14.5","1921","7.4","40.3","5.8"
"550250009011","Census block group","421","93","1114","5.8","25.5","19.7","88.5",".8","2.6","6.5","1.6","415","310","34.9","3.9","92.8","425","0","2","-5","0","732619","354.13","591461","310.46","-5","-5","-5","-5","7","0","7","3","17","78","53","-1","-1","14.8","0",".7","2.7","2.9","0","1","48","0","212986","2.4","2.7","P,B,G","25.2","1571","18.2","40.5","5.9"
"550250009012","Census block group","518","62.6","1132","4","20","18.5","81.4","1.2","4.5","8","4.8","503","300","26.6","2","67.3","526","0","0","-5","0","732412","365.13","651517","348.95","599555","404.09","-5","1269","14","0","20","8","22","66","59","-1","-1","18.2","0",".8","5.6","6.6","0","1","48","0","162045","0",".4","P,B,G","9.1","1173","7.7","45.4","7.6"
"550250009021","Census block group","538","18","1406","4.1","10.2","3.4","83.4",".7","7.4","4.4","4.1","517","110","9.3","1.9","49.8","503","25","31","-5","0","834999","314.8","568634","300.17","-5","-5","-5","1495","10","2","19","9","13","52","52","-1","-1","-1","0","0","0","11.8","0","4","358","121","26577","22.6","5.9","P,B,G","0","1596","19.2","31.1","5.8"
"550250009022","Census block group","421","56.5","1044","3.1","15.6","14.3","80.2","1","6.5","7.6","4.8","393","197","23.7","2","76.2","411","16","1","-5","0","863574","327.42","807563","319.36","316830","304.12","-5","-5","5","3","8","8","14","94","77","-1","-1","28.6","0","0","4.5","6.5","0","3","283","46","-5","15.6","1.7","P,B,G","7","1201","29.3","71.8","6"
"550250009023","Census block group","1095","12.7","1708","2.3","6.1","5","70.6","1.8","19","4.2","4.4","1046","169","5.2",".7","68.7","1117","0","4","-5","62","693004","337.23","531108","331.32","289080","262.97","-5","1191","69","21","41","62","18","132","89","-1","-1","33.3","0","37.3","10","41.8","6","2","202","23","32344","0","0","B,G","0","1599","47.6","75.2","6.8"
"550250009024","Census block group","774","44.1","1537","4.2","14.4","10.3","83.7","1.2","6.2","5.5","3.4","757","304","17.3","1.7","138.8","766","0","8","-5","0","614283","349.78","482547","335.11","-5","-5","-5","1906","20","4","12","14","20","78","44","-1","-1","6.5","0","0","6.3","3.5","0","5","327","254","85357","38.4","0","P,B,G","11.2","3471","4","56.5","6.3"
"550250010001","Census block group","465","70","1423","4.1","14.8","12.9","88.5","1.5","1.8","4.7","3.5","460","263","27.4",".9","297.8","478","376","7","-5","0","622865","364","641574","395.28","-5","-5","-5","1859","11","3","7","8","15","69","63","-1","-1","18.5","0","3.4","2","4.2","0","3","138","157","129107","2.2","7.2","P,B","3.4","1377","2.3","44.5","7.2"
"550250010002","Census block group","507","66.7","1094","6.4","19.7","18.3","87.2","1.6","1.7","6.6","2.8","487","295","22","2.5","89.3","514","0","6","-5","0","561731","351.09","459904","349.56","395940","283.83","-5","1561","5","2","8","8","16","53","45","-1","-1","11.8","0","3.8","4.7","3.8","0","4","86","128","119792","0","1.9","B","0","785","1.7","36.8","7"
"550250011011","Census block group","388","1.6","881","2.8","4.2",".8","47.2","2.5","44.7","3.3","2.3","375","31","2.4","1.6","14.9","386","0","7","-5","0","-5","-5","-5","-5","-5","-5","-5","1249","15","1","19","13","21","72","121","-1","-1","-1","-1","-1","-1","-1","32","3","153","26","-5","100","0","B","0","873","37.2","95.6","7.2"
"550250011012","Census block group","487",".6","1416","3.7","7.7","1","71.8","3.5","15.5","3.2","5.9","483","64","8.1","3.9","24.8","467","0","3","-5","0","-5","-5","432500","284.66","-5","-5","-5","1896","30","8","25","32","24","95","101","-1","-1","-1","-1","-1","-1","-1","8.5","4","117","35","14554","50","2.1","P,B","0","1235","45.4","79.6","7.8"
"550250011013","Census block group","516",".4","1610","4.3","11.2","1.7","49.3","4.3","37.9","5.8","2.8","479","75","13.2","4","36.8","413","51","0","-5","102","-5","-5","545200","375.14","-5","-5","-5","1809","34","3","20","35","35","135","130","-1","-1","-1","-1","-1","-1","-1","0","2","100","101","16522","100","8.6","P,B","0","4500","57.7","73.4","7.8"
"550250011014","Census block group","660",".3","1604","4.6","8.8",".3","68.4","3.3","20.3","4.2","3.7","648","94","8","2","88.7","678","64","1","-5","24","-5","-5","468788","278.19","-5","-5","-5","1571","14","2","29","14","33","228","231","-1","-1","-1","-1","-1","-1","-1","4.4","4","223","147","17841","40","3.5","B,G","0","4911","42.3","53.3","6.7"
"550250011021","Census block group","268","1.3","3113",".6","1.6",".1","64.5","1.8","21.7","6.3","5.7","157","28","7","2.5","147.7","51","1279","0","-5","0","-5","-5","-5","-5","-5","-5","-5","894","19","2","23","19","50","258","361","-1","-1","-1","-1","-1","-1","-1","0","2","150","121","-5","100","7.2","P,B,G","0","3316","55.6","80","7.2"
"550250014013","Census block group","677","30.2","1591","6","23.2","10.7","27.8","13.6","23.6","5.6","29.4","640","287","23.4","6.1","224.6","682","0","7","-5","57","257147","191.65","255870","190.86","137000","142.71","-5","1150","114","30","55","94","42","242","204","10.9","27.3","77.6","24.9","82.5","11.2","80.9","16","5","174","94","68101","20.6","0","P,B,G","11.9","2272","1.8","35.3","7"
"550250014014","Census block group","507","36.9","1337","7.3","26.3","9.5","31","8.1","9.9","6.7","44.4","480","251","27.9","6.2","579.8","517","0","4","-5","0","289663","206.11","279662","208.45","220875","170.43","-5","1386","60","16","63","38","47","106","103","-1","-1","81.1","34.4","86.4","5.4","82.1","36.7","8","358","183","-5","61.3",".4","P,B","15.5","714","0","18.8","6.7"
"550250014021","Census block group","762","22.9","1465","5.4","17.5","9.3","57.8","17.4","3.9","4.3","16.6","703","322","19.5","7.3","1370.9","752","0","4","-5","0","520010","247.57","424275","213.79","129293","158.01","-5","1176","109","24","45","113","70","236","209","11.3","28.8","80.7","14.4","65.3","4.6","62.2","6.5","14","477","277","90919","14.5","0","P,B,G","21.8","2413","6.1","9.4","6.9"
"550250014022","Census block group","426","43.3","1146","5.8","24.5","13.4","48.3","18.8","4.4","6.3","22.3","425","276","29.9","5.6","151.1","431","0","12","-5","0","463869","181.91","441856","170.13","205438","169.04","-5","1239","34","10","23","38","10","147","84","-1","-1","63.6","22.9","77.1","8","70.1","6.8","8","164","103","95978","0","0","B","9.7","502","0","24.4","7.7"
"550250014023","Census block group","536","29.8","1099","7.4","24.9","8","39","29.6","6.2","9.3","16","518","203","24.6","12.5","126.8","557","0","7","-5","116","-5","-5","-5","-5","186512","168.01","-5","-5","117","31","59","99","36","196","126","-1","-1","76.3","7.5","86.9","18.1","87.8","-5","9","279","182","-5","-5","-5","P,B,G","23.7","928","-5","-5","7.9"
"550250014024","Census block group","337","59.8","726","5.4","17.4","19.4","77","5.6","5.6","4.8","6.9","328","196","25.3","4.6","191.9","331","0","2","-5","0","527763","190.1","489500","175.76","251683","154.68","-5","903","11","3","11","8","14","83","57","-1","-1","29.2","5.9","30.5","1.5","34.1","0","7","156","110","-5","0","2.6","B","74","502","9.9","5.6","7.1"
"550250015011","Census block group","397","59.8","894","6.7","22.7","18.8","58.9","14.3","5.2","9.1","12.5","378","248","28.4","9.2","167.4","393","0","3","-5","52","701439","315.13","706280","349.92","-5","-5","-5","1464","45","8","10","39","11","118","55","-1","-1","-1","20","80","6.3","85.7","0","1","30","21","113181","2.3","6.6","P,B","50.4","510","1.3","22.2","7.5"
"550250015012","Census block group","670","33","1328","6.4","20.6","10.9","52.9","15","2.3","4.4","25.4","636","278","21.9","8.3","85.5","693","0","0","-5","71","642936","333.9","518663","237.9","229300","182.98","-5","1266","42","14","25","58","7","139","87","12.7","36.4","86.3","17.7","85","10.6","82.8","1.1","4","217","125","65196","5.5","1.1","B","33.9","510","9.8","18.4","8.3"
"550250015022","Census block group","488","33.9","1108","6","24.5","11.1","29.4","30.6","4.2","5.6","30.2","446","242","29.8","13.7","785.7","488","0","13","-5","201","305130","192.49","280700","205.21","229480","218.99","-5","1357","91","33","47","114","43","311","181","9.8","33.3","-1","15.7","92.4",".2","66.1","0","7","291","124","-5","23.7","0","B","1.2","580","0","4.6","6.5"
"550250015023","Census block group","371","80.2","910","4.9","27.9","9.3","40.9","6.9","2.4","4.9","44.8","348","214","34.8","6.6","321","430","0","0","-5","0","365477","221.39","382256","222.62","-5","-5","-5","-5","29","18","10","54","7","130","93","-1","-1","87.3","16.4","87.1","6.6","84.9","0","3","24","11","-5","48.5","40.2","B","9.1","580","0","0","8"
"550250015024","Census block group","890","61.6","2053","6.5","20.9","9.1","50.1","12.3","7.2","7.3","23.1","873","449","25.9","6","154.5","892","0","15","-5","0","339216","209.71","324544","207.58","163476","167.31","-5","1125","50","12","29","36","16","162","112","10.1","19.1","66.7","12.7","75.3","9.9","70.5","0","5","90","11","71567","4.1","1","B","24.3","580","0","8.6","7.6"
"550250016031","Census block group","852",".4","1796","2","5.6",".3","45.5","1.1","45.7","3.2","4.5","842","85","5.6","2.1","18","996","0","1","-5","0","-5","-5","374433","297.88","-5","-5","-5","1542","48","16","47","54","53","220","288","-1","-1","-1","-1","-1","-1","-1","7.4","0","0","0","-5","-5","3.1","P,B,G","0","4771","76.5","74.3","7.3"
"550250016032","Census block group","1650","0","3916","7.2","16.8",".5","66","1.7","19.6","6.4","6.4","1588","265","14","5","15.8","1086","0","9","-5","0","-5","-5","-5","-5","-5","-5","-5","1309","224","54","102","349","41","372","390","-1","-1","-1","-1","-1","-1","-1","1.7","0","0","0","13546","-5","8.5","P,B,G","0","1567","63.7","77.8","7"
"550250016033","Census block group","411","0","1021","3","7.7",".4","67.1","1.7","16.7","5.8","8.8","394","52","7.1","3.6","9.6","792","0","22","-5","0","-5","-5","629200","336.47","-5","-5","-5","2142","69","26","29","128","46","280","291","-1","-1","-1","-1","-1","-1","-1","0","0","0","0","-5","100","5.6","P,B,G","0","3851","52.2","94","7.4"
"550250016041","Census block group","704",".2","1561","2.6","5.6",".6","72.9","1.9","13.6","3.7","7.9","666","79","5.4","3.2","17.1","858","206","21","-5","0","-5","-5","533600","251.22","256300","348.23","-5","1231","237","61","156","404","40","418","431","-1","-1","-1","-1","-1","-1","-1","3.3","0","0","0","25362","100","3.2","P,B,G","0","4213","65.4","94.8","7.5"
"550250016042","Census block group","705",".6","1882","3","7.7",".8","74.1","2.6","8.8","7.4","7.1","617","74","5.8","1.5","15","635","448","16","-5","0","-5","-5","541400","221.61","-5","-5","-5","1563","29","3","23","30","10","151","305","-1","-1","-1","-1","-1","-1","-1","3.2","0","0","0","20661","100","6.5","P,B,G","9","362","50.2","68.4","7.3"
"550250016043","Census block group","451","2.2","1534",".3",".9","1.1","82","1.4","6.3","4.7","5.7","445","23","2",".9","10.9","406","221","8","-5","0","-5","-5","-5","-5","-5","-5","-5","1603","14","2","7","16","4","50","115","-1","-1","-1","-1","-1","-1","-1","0","0","0","0","-5","-5","28.2","P,B,G","27.9","0","63.7","75.5","8.1"
"550250016044","Census block group","848","1.6","1610","1.1","2.4","2.9","68.8","2","15.8","5.4","7.9","790","53","2.2","1.3","24.8","858","78","6","-5","0","579450","179.62","750680","187.95","331000","331.55","-5","1198","77","27","70","90","49","191","198","-1","-1","-1","-1","-1","-1","-1","0","0","0","0","35111","9.3","1.1","P,B,G","0","2299","58.9","70.9","7.4"
"550250017061","Census block group","754","18","1109","1.4","2.7","9.6","78.4","2.4","5","6.4","7.8","704","138","1.8",".9","80.7","1272","0","6","-5","94","483500","273.98","437371","234.32","692620","381.42","-5","1134","124","29","105","182","46","848","447","-1","-1","-1","-1","-1","-1","-1","1.1","1","150","121","65221","23.9","0","P,B,G","0","3430","27.5","58.1","6.5"
"550250017062","Census block group","618","4.7","913","3.1","5.2","5.7","76.5","3.7","6.1","7.9","5.8","611","84","3.9","1.6","29","660","0","4","-5","0","443400","237.88","526200","238.59","650430","375.6","-5","1224","24","7","23","18","35","115","109","-1","-1","-1","-1","-1","-1","-1","3.9","0","0","0","39118","0","2.5","B,G","0","1022","22.8","61.7","7.5"
"550250017063","Census block group","420","18.7","764","3.1","7.3","9","70.5","9.3","6.9","4.7","8.5","400","76","5.5","2.5","16.8","455","0","6","-5","81","734900","278.27","-5","-5","696675","397.45","-5","1483","42","10","32","42","24","270","241","-1","-1","-1","-1","-1","-1","-1","10.2","1","150","121","69615","0","10.2","P,B,G","0","2187","34.8","51.4","7.3"
"550250017071","Census block group","422","10.1","708","2.5","4.5",".7","78.2","3.7","8.2","4.2","5.6","414","56","3.9","1.7","23.3","407","0","7","-5","13","416988","246.88","378421","249.35","300936","291.28","-5","1634","58","18","40","112","22","102","106","-1","-1","-1","-1","-1","-1","-1","0","1","150","121","83365","0","12","B,G","0","1022","7.9","56.4","8.1"
"550250017072","Census block group","644","2","972",".5","1.9","3.3","72.8","2.9","8.3","6.5","9.5","596","52","2.3",".3","21.8","766","0","4","-5","130","436433","192.91","351500","226.74","-5","-5","-5","1381","49","5","43","92","18","744","361","-1","-1","-1","-1","-1","-1","-1","4.4","1","150","121","61831","0","0","P,B,G","0","2221","38.2","63.9","7.3"
"550250018021","Census block group","748","41.3","1384","3.6","10","12.7","82.6","4.1","2.3","5.3","5.8","714","265","11.4","1.3","121.1","747","0","6","-5","41","659342","338.41","707223","356.89","376989","281.29","-5","1159","20","3","31","12","21","57","55","-1","-1","7.7","0","7.5","9.3","10.3","0","2","147","46","77956","6.6","3.4","B,G","0","1025","9.8","39.5","8.4"
"550250018022","Census block group","440","11.9","698","3.5","8.1","3.6","80.4","5","2.3","3.1","9.1","394","96","7.3","2","32.1","446","0","2","-5","83","685875","287.77","585570","276.54","400823","332.78","-5","1338","17","2","32","15","24","69","86","-1","-1","-1","0","58.1","0","61.3","0","1","90","0","69352","10.5","1.7","B,G","0","1022","8.5","44.6","8.4"
"550250018023","Census block group","920","14.3","1613","2","4.7","8","77.9","4.5","7.1","5.6","4.9","884","133","4.8","1.1","33.9","848","0","2","-5","56","378813","294.11","317133","234.67","336296","348.42","-5","1653","106","25","77","150","35","965","307","-1","-1","-1","-1","-1","-1","-1","0","1","150","121","56941","0","4.4","P,B,G","0","2221","20.4","36","8.4"
"550250018041","Census block group","1248","19.1","2126","3.4","10.8","7.3","64.1","12.8","9","5.5","8.6","1208","336","10.4","4.1","84.8","1229","0","3","-5","32","1182750","430.05","1214683","403.84","172353","193.73","-5","1345","54","6","41","59","10","163","100","14.5","16.4","-1","7","67.4","8.8","72.1","6.3","2","18","5","52174","8.3","4","B","0","903","8.9","39.8","7.1"
"550250018042","Census block group","834","12.2","1299","2.9","8","3.4","80","7.5","4","3.9","4.6","787","174","6.4","1.9","50.7","892","0","11","-5","67","403738","292.41","370617","281.88","470895","405.56","-5","1559","61","10","193","118","41","222","155","-1","-1","41.7","0","75.7","35.7","73","0","1","90","0","95675","0","1.2","B,G","0","2221","15.5","19.6","7.8"
"550250018043","Census block group","580","29.2","1005","3.8","10.4","7.8","81.1","3.3","3","6.7","6","555","169","12.8","2.9","73.2","638","0","12","-5","67","412010","285.17","341671","290.81","313892","290.64","-5","1381","55","20","31","72","42","105","90","-1","-1","18.2","0","9.1","3.1","15.6","0","2","147","46","69891","15.7","3","B","0","2734","13","51.3","7.3"
"550250019011","Census block group","600","17.3","900","1.7","3.4","6.2","86.8","2","3","4.4","3.8","586","116","7.2","2.2","83.6","817","0","7","-5","0","699818","310.37","387210","284.52","479973","395.8","-5","1632","203","48","64","243","43","1003","332","-1","-1","-1","-1","-1","-1","-1","4.1","3","270","121","71125","0","1.8","P,B,G","0","2752","6.5","41.9","7.3"
"550250019012","Census block group","585","47.7","1139","4.4","13.9","14.9","89.2","1.3","1.9","5.2","2.4","545","265","11.9","1.5","75.3","591","0","17","-5","4","662708","349.33","591993","327.92","394148","354.48","-5","1626","19","1","23","31","12","103","70","-1","-1","3.7","0","17.6","6.7","25","0","3","158","0","106250","6.3","0","B,G","36.9","1050","9.6","50.2","6.4"
"550250019013","Census block group","694","20.8","1203","4","11.8","5.8","75.9","10","1.7","5.7","6.8","668","167","12.4","5.2","119","709","0","50","-5","167","416838","329.58","366494","299.84","284968","324.28","-5","1581","87","22","52","112","49","302","193","-1","-1","81.2","10.9","72.7","15.4","85.5","0","5","305","46","60795","0","20.6","B,G","0","2759","14.1","60.4","6.9"
"550250019014","Census block group","562","23.8","987","1.5","5.8","9.1","81.9","5","2.4","7.1","3.6","536","129","7.6",".9","77.5","562","0","27","-5","23","755870","333.42","523067","298.36","381299","355.19","-5","1250","48","16","44","108","29","178","156","-1","-1","-1","0","20.9","15.8","33.4","3.9","3","168","0","77401","0","2.3","B,G","2","2759","2.5","42.1","6.8"
"550250019021","Census block group","636","61.3","1176","2.8","12.9","17.3","86.7","2.4","2.3","4.5","4.1","608","281","15","1.2","81.3","651","0","5","-5","0","568938","365.43","507304","355.02","336663","329.45","-5","1700","21","7","21","20","12","89","77","-1","-1","5.6","0","9.2","2.7","11.4","0","2","120","36","139365","0","1.7","B,G","26","935","3.6","32","7"
"550250019022","Census block group","1035","27.3","1629","2.5","8.5","11.7","82.1","3.1","3.6","6.3","5","1000","291","9.9","3.2","90.3","1171","0","15","-5","37","402416","289.59","377470","275.45","336197","329.27","-5","1558","35","7","36","30","35","423","149","-1","-1","7.7","10","26.7","0","25","0","5","281","85","86172","0","2.1","B,G","1.8","2644","6","42.4","7.1"
"550250022002","Census block group","729","62","1367","4.2","14.6","13.7","73.7","9.4","2.3","5.9","8.8","687","295","17.2","4.2","156.7","797","0","22","-5","8","269847","235.69","245740","245.18","178500","145.2","-5","1104","69","34","49","118","31","272","134","-1","-1","54.2","6","55.4","15.9","67.9","0","3","171","114","52125","0","3.3","P,B,G","16.6","1415","16.2","25.2","7.4"
"550250022003","Census block group","985","48.2","1760","6.4","17.6","22","66.6","18.2","2.3","6.6","6.4","925","367","15.8","3.6","172.2","985","0","11","-5","116","325146","200.09","298764","203.32","196326","165.43","-5","1175","97","35","45","144","11","273","160","12.9","24.3","62.5","12.2","64.7","11.9","72","0","2","68","70","58905","3.2","4.7","P,B,G","23.6","568","13.1","28.7","7.4"
"550250023011","Census block group","790","35.6","2043","9.2","35","8","33.7","35.8","9.2","7.8","13.5","755","481","41.7","20.4","198.9","777","0","12","-5","362","292206","209.01","257066","206.1","-5","-5","-5","1280","192","62","72","202","33","344","254","18.6","21.6","83.7","12.3","87","12","90.5","2.5","6","212","49","60234","18","8.4","B,G","5.5","1064","24.1","26.9","7.7"
"550250023012","Census block group","483","85.9","1145","3.4","16.4","25.5","72.5","8.9","4.7","6.5","7.4","461","302","18.2","2.2","406.9","487","0","7","-5","7","498175","236.73","539632","267.68","173017","189.23","-5","1572","36","10","17","40","41","264","186","-1","-1","55.6","7","53.1","7.1","63.4","0","6","159","7","106250","3.8","3.9","P,B,G","37.6","1646","8.3","15.1","7.2"
"550250023021","Census block group","439","70.7","1468","4.5","14.6","15.9","70.8","15.4","4.8","4.7","4.4","416","285","24.3","4.6","639.6","443","0","5","-5","17","448873","210.38","471785","217.17","189227","143.9","-5","1185","73","32","25","79","8","301","153","-1","-1","50","0","38.5","9.7","35","0","5","172","49","104750","0","1.4","B","16.3","643","1.7","15.3","6.7"
"550250024011","Census block group","464","93.2","1109","4.4","18.2","17.2","80.4","6.2","1.5","7.5","4.3","455","304","23.1","2","152.9","464","0","15","-5","0","317848","208.76","302958","210.19","-5","-5","-5","-5","8","5","10","17","4","93","67","-1","-1","52.4","1.2","44.6","5.9","44","0","2","54","49","90795","0","0","None","54.7","96","4.2","5.7","7.5"
"550250024012","Census block group","424","89.2","1014","6.4","21.8","14.8","66.6","14","6.1","5.6","7.7","416","268","25.2","3.8","137.8","425","0","10","-5","0","311761","208.55","307007","215.89","212478","196.76","-5","1818","25","10","21","33","5","207","130","-1","-1","76.2","10","81","7.1","76.2","0","3","104","49","78375","0","2.5","None","83.8","643","4.6","5.8","7.4"
"550250024013","Census block group","596","86.4","1264","4","13.4","34.8","80.9","3.7","3.6","4.4","7.4","572","349","17.5","3.1","164.3","626","0","2","-5","0","310329","215.82","300204","215.25","343113","183.67","-5","1141","21","12","11","18","5","177","97","-1","-1","48.1","3.7","62.2","0","57.3","0","0","0","0","88194","8.5",".7","None","28.8","192","5.5","8.4","7.8"
"550250024021","Census block group","1099","38.7","2280","8.2","24.8","12.3","53.4","16","14.4","6.7","9.5","1011","491","25.8","9.6","321.5","1188","0","25","-5","301","310010","213.35","284550","220.42","123914","138.21","-5","922","98","31","63","158","47","465","254","11.8","35.3","81","17","84","18","83.9","3.2","5","273","0","79781","2.1",".8","P,B,G","10.9","1429","10.6","11.4","7.7"
"550250024022","Census block group","688","64.1","1473","6.6","22","15.1","59.9","20.3","2.9","5.8","11.1","658","356","24.3","7.9","227.2","702","0","6","-5","139","331521","185.8","333876","179.3","177053","189.12","-5","1252","60","15","36","80","35","278","217","17.6","23.5","67.3","13.8","74.1","11.7","73.4","6","4","143","0","93494","7.4","1.6","P,B,G","15.8","1429","7.7","25.9","6.5"
"550250025001","Census block group","615","47","1625","8.4","28.1","11.7","42.5","21.6","6.8","6.3","22.8","558","298","32.8","16.3","1760.4","617","0","30","-5","162","243036","235.59","246563","214.76","-5","-5","-5","871","148","56","85","197","82","435","263","10.1","29","90","15.2","91.8","15.1","86","11.3","6","470","112","41576","26.8","0","P,B","8.4","2284","13","16.4","7.1"
"550250025002","Census block group","367","36.7","778","7.3","20.1","10.8","53.9","13.6","4.1","9.4","19","360","167","21.4","3.9","581.1","369","0","19","-5","12","314207","205.57","311711","197.91","265718","188.88","-5","1113","49","18","39","72","76","206","114","-1","-1","58.3","28.2","74.6","5.3","59.7","1.7","6","386","93","66184","0","2.1","P,B,G","14.6","1894","3.8","17.8","7.1"
"550250026011","Census block group","518","50","1054","5.4","19.3","11.6","64.1","11.6","2.7","6.4","15.3","516","243","18.2","5.2","203.1","512","0","20","-5","32","282348","219.69","273923","226.54","116289","104.6","-5","1210","51","7","30","44","36","172","122","13.6","22","66.7","14.2","78.3","16.5","83.5","2.2","4","195","19","59514","10.9","1","P,B,G","85.4","1047","2.1","15.6","6.5"
"550250026012","Census block group","433","48.6","793","4.9","16","14.8","66.2","15.8","4.9","4.9","8.2","399","162","16.5","5.5","179.8","483","0","9","-5","68","277522","210.64","269412","223.78","179117","184.47","-5","1125","38","12","25","49","37","134","102","-1","-1","62.5","1.7","50","2.2","60.7","0","5","343","60","47240","2.3","1.3","P,B","55.1","1047","5.6","37.3","6.4"
"550250026021","Census block group","653","67.4","1625","6.4","21.6","10.8","58.5","8.4","5.8","5.7","21.7","632","403","28.5","4","763","653","0","7","-5","0","364018","217.96","327379","209.44","197104","180.43","-5","992","75","30","50","119","31","183","129","10.3","20.7","75.8","25.9","79.7","2.6","70.1","0","8","191","95","106129","0","0","P,B,G","34.2","1309","2.8","13.1","7.5"
"550250026022","Census block group","949","59.1","2047","4.8","19.3","16.2","57.6","10.6","5.9","7.9","18","938","463","18.3","3.4","239.2","949","0","12","-5","18","351924","192.43","337215","193.99","131415","148.67","-5","996","170","40","84","188","61","430","258","-1","-1","63.9","16.5","59.8","5.2","61.1","0","7","129","42","84904","4.6","5.1","P,B,G","1.3","1625","19.4","33.3","7.5"
"550250026023","Census block group","318","46.4","684","5.7","19.4","14.9","58.9","13.3","4.4","2.8","20.6","293","164","20.8","3.4","76","315","0","2","-5","0","342295","195.08","331520","171.62","234763","179.02","-5","-5","19","7","9","21","5","48","28","-1","-1","80","16.4","69.8","0","68.6","0","3","76","13","95625",".7","2.4","None","2.9","262","5.6","0","6.9"
"550250029002","Census block group","434","67.2","959","4.5","15.8","15.9","73.5","4.9","5.5","4.4","11.7","424","237","20.5","4.2","120.5","436","0","5","-5","0","316139","205.29","322926","203.97","239400","186.16","-5","1539","8","4","14","22","14","86","43","-1","-1","38.5","14.6","68.8","7.3","63.3","0","3","96","22","73438","7.7","4.6","P,B,G","15.4","704","7.8","21.3","5.7"
"550250029003","Census block group","221","92.1","497","7","18.5","17.3","82.1","4.8",".4","3.4","9.3","215","153","30.7","9.3","137.7","217","0","4","-5","0","375178","183.52","401609","176.91","189748","163.42","-5","-5","1","2","4","2","0","36","18","-1","-1","45.5","2","55.1","2.4","54","-5","3","180","64","-5","-5","-5","P,B,G","91.2","120","-5","-5","6.5"
"550250030011","Census block group","402","93.6","996","5.4","19.4","20.8","86.3","2.8","3.7","4.1","3","392","292","24.2","1.3","193.6","401","0","4","-5","0","381364","197.95","386632","190.84","-5","-5","-5","-5","6","4","8","3","5","80","39","-1","-1","57.1","3.7","53.7","3.8","43.1","0","7","93","34","133500","0","2.1","None","55.9","387","0","6.6","6.6"
"550250030012","Census block group","400","95","1033","6.3","18.2","28.2","81.6","3.6","6.1","4.5","4.3","400","310","19.5","1.2","203.6","396","0","1","-5","0","382838","185.15","386798","173.54","-5","-5","-5","-5","20","4","20","21","5","104","49","-1","-1","44.4","0","25.3","0","18.7","0","3","67","13","130270","0","0","B","84.3","520","0","8.1","7.2"
"550250030013","Census block group","472","77.4","1019","4.8","22","17.3","77.9","6.4","4.6","5.9","5.2","455","273","25.7","3.3","143.5","546","0","11","-5","83","357843","202.63","369018","207.98","190909","181.56","-5","1183","42","16","35","47","12","277","112","-1","-1","56","2","56.9","15.6","56.9","0","2","191","0","86000","0","0","P,B","46.2","520","14.4","13.8","6.7"
"550250030014","Census block group","431","56.4","832","4.7","20","18.3","68.3","17.3","1.6","6.5","6.4","411","214","22.6","8.3","269.8","426","0","10","-5","0","319366","232.55","316222","229.01","-5","-5","-5","-5","52","16","34","45","26","310","94","-1","-1","-1","10.2","71.2","12.8","65","0","5","458","60","91250","0","0","P,B","45.1","1424","0","12.2","6.6"
"550250030015","Census block group","377","86.3","895","5.3","19.4","19.7","77.1","6.7","1.7","5.7","8.8","357","255","17.6","3.9","121.4","378","0","2","-5","0","338472","211.48","332436","211.16","-5","-5","-5","1867","10","5","6","19","9","128","45","-1","-1","45","8.6","59.3","7.6","57.1","0","5","99","42","80781","0","0","B","69.3","387","0","12.6","6.2"
"550250030021","Census block group","758","30.4","1902","5.6","22.1","11.3","45.4","20.8","5.2","7.2","21.5","740","404","25.5","9.6","201.9","759","0","17","-5","0","343874","214.8","341891","220.87","257459","176.73","-5","1233","64","40","40","106","16","163","71","7.1","24.3","74.1","14.7","80.1","9","76.3","0","7","72","38","54290","12.1","0","B","57","387","8.5","38.3","7.4"
"550250030022","Census block group","699","21","1455","6.6","21.4","16.1","57.9","19.4","4","5.8","12.9","685","331","26.3","10.5","247.4","707","0","31","-5","96","343831","195.76","360771","184.3","196082","175.68","-5","1317","49","17","25","56","29","253","139","7.1","22.5","91.4","9.3","85.5","6.3","74.2","1","7","284","102","78293","10.7",".6","B","80.6","888","9.2","16.2","7.1"
"550250031001","Census block group","594","71.7","1285","4.7","17.7","26.5","80.5","6.4","2.2","5.1","5.8","569","350","20.4","3.2","191.1","596","0","3","-5","1","361531","207.66","353457","209.45","-5","-5","-5","1286","20","7","25","23","6","233","88","-1","-1","56.7","4.7","51.9","4.2","52.8","0","6","240","18","109444","8.9","0","P,B","57","520",".3","20","7.3"
"550250031002","Census block group","543","75.8","1415","6","23.3","16.1","69.3","8.6","1.6","9.1","11.4","533","364","29.1","6","204.7","543","0","11","-5","0","352058","207.67","343833","213.57","226933","208.2","-5","1694","25","15","15","31","13","165","66","-1","-1","48.6","7","61.4","3.4","54.5","0","4","92","13","81544","9.1","3.2","B","47.1","783","0","17.1","7.8"
"550250031003","Census block group","865","85.5","2188","5.8","20.7","18.2","75.7","7.9","4.3","5.5","6.6","853","655","27.8","3.8","1807.8","864","0","14","-5","2","380154","207.35","347651","204.25","372269","229.86","-5","-5","123","32","64","151","44","504","208","9.1","15.2","44.7","6.4","46.8","3.9","41.9","0","5","144","5","113167","2.8","0","P,B","51.6","570","0","8.9","8"
"550250031004","Census block group","590","84.3","1335","5.6","18.3","23.7","79.9","5","1","5.6","8.5","581","378","22.4","3.1","300.4","590","0","11","-5","0","384040","201.02","332210","212.8","-5","-5","-5","1168","39","4","20","32","31","192","83","-1","-1","46.7","3.3","51.2","6","47.2","0","8","484","54","105990","0","7","P,B","32.9","783","6.9","3.1","7"
"550250032001","Census block group","1242","2.5","2398","10.9","23.9","1.9","31.1","5.3","47.3","6.7","9.6","1082","555","33.4","5.4","539.8","101","1196","0","-5","0","-5","-5","-5","-5","519414","395.44","-5","1175","9","2","8","2","18","77","134","3.2","20.6","31.7","0","5.9","14.7","43.5","13.8","7","622","378","38206","16.7","0","P,B,G","15","4180","34.3","87.3","4.2"
"550250105011","Census block group","580","84.5","1664","10.3","33.7","8.8","80.3","2.6","5.8","6.9","4.4","540","451","51.4","2.8","488.6","612","0","3","-5","0","419929","205.41","475174","211.54","388272","234.6","-5","1798","10","6","17","11","1","50","35","6.7","17.3","-1","-1","-1","-1","-1","0","3","22","9","141161","1.4","1","B","99.7","96",".4","11.9","8.1"
"550250105012","Census block group","551","75.8","1490","8.9","26.4","4.9","61.3","13.8","4.6","8.1","12.2","547","385","38.9","6.7","606.9","577","0","10","-5","0","387710","220.57","357217","213.35","234579","175.39","-5","-5","24","10","19","30","7","76","41","5.7","14.9","57.2","5.4","57.4","4.1","57.1","-5","5","319","51","-5","-5","-5","B","82.7","187","-5","-5","7.7"
"550250109052","Census block group","659","21","1014","2.6","7.3","35","78.9","1.9","8.7","2.9","7.7","643","182","9.4","2.2","498.1","810","0","3","-5","0","506044","205.75","499480","205.75","454777","280.68","-5","-5","54","11","35","48","20","296","140","-1","-1","-1","0","50","-1","64.3","-5","5","349","167","-5","-5","-5","P,B","19.1","476","-5","-5","6.5"
"550250109053","Census block group","830","48.5","1708","9.4","17.7","4.3","74.1","1.9","15.6","3.8","4.6","807","402","21.8",".5","448.6","1470","0","8","-5","0","552011","233.73","503619","239.85","-5","-5","-5","1885","11","4","6","14","10","67","45","12","13","30.4","0","12","4.5","10.4","5.9","3","424","196","156498","0","2.5","B","100","0","0","12.4","8.5"
"550250109054","Census block group","494","38.1","940","6.4","14","3.9","79","2.1","11.4","3.5","3.9","473","210","16.3","3.2","738","1165","0","22","-5","0","432550","235.15","438286","233.49","337263","226.42","-5","1611","9","1","10","7","49","79","59","8.2","11.2","-1","0","5.7","4.2","13.5","0","5","326","164","93088","0","0","P,B,G","100","2073","0","20.8","8.2"
"550250109061","Census block group","690","59.9","1746","9.3","31.4","12.4","62.9","1.3","27.6","5.7","2.5","671","466","48","3.4","917.4","1115","0","9","-5","0","752940","260.79","657981","244.03","466185","279.67","-5","1982","9","4","13","6","37","168","116","3.6","9","-1","-1","-1","-1","-1","10.9","3","424","196","148539","0","0","B","100","0","13.5","6.6","7.8"
"550250109062","Census block group","1199","57.4","2981","5.6","27.3","9","67.2","1.9","23.1","4.2","3.6","1168","733","36.5","2.5","418.4","1212","0","0","-5","0","903012","215.57","955177","222.88","431568","254.94","-5","1435","10","0","11","4","7","51","54","7.6","7.6","-1","-1","-1","-1","-1","1.2","1","85","0","128750","5.4","1.6","None","100","0","0","2.1","7.4"
"550250110001","Census block group","84","62.1","150","5.4","12.8","31.3","84.6",".7","5.4","5.3","4","84","49","13.2","2.4","54.8","138","0","0","-5","0","482704","213.06","476329","231.87","-5","-5","-5","-5","1","0","2","0","8","17","7","-1","-1","-1","-1","-1","-1","-1","-5","1","85","81","-5","-5","-5","B","44.9","483","-5","-5","7"
"550250112011","Census block group","913","97.3","1558","1.9","9.6","47.9","89.6","1.7","2.1","3.1","3.5","852","445","7.6","1.1","1303.3","920","0","3","-5","0","539264","190.61","528338","187.91","279783","174.74","-5","947","16","1","12","13","8","167","82","-1","-1","26.7","0","24.2","0","25.9","0","1","50","0","66220","13.6","3.8","B","29.8","623","2.7","16.4","7.9"
"550250001001","Census block group","521","73.4","1034","4.9","15","25.1","79.9","4","5.5","5.2","5.4","497","281","19.3","3","242.3","562","0","3","-5","8","695443","291.88","680249","294.19","195771","192.4","-5","956","17","10","15","18","20","54","49","-1","-1","18.9","6.1","27.4","4","28.9","0","2","91","84","108438","0","1.4","B","21.7","483","0","17.3","5.3"
"550250001002","Census block group","970","49.9","1717","4.1","13","14.3","74.8","4","8.2","5","8","918","386","15","2.9","254.8","1058","0","6","-5","53","542507","295.97","492460","322.3","175263","200.6","-5","1606","28","12","26","21","9","129","89","-1","-1","37","3.3","39.2","6.7","44.6","6.3","6","177","138","76591","0","2.1","B,G","48.6","1450","6.9","33.5","5.8"
"550250002011","Census block group","618","82.7","1314","5.8","18.6","24","83.7","2","4","5.7","4.6","597","373","19.9","2","263.8","718","0","12","-5","6","446209","249.53","399905","240.22","169450","220.35","-5","1383","5","3","8","19","20","89","70","11.7","15.3","42.9","0","9.4","5.6","11.5","0","9","355","189","112470","2.5","0","B,G","40.5","1745","5","30.2","6.8"
"550250002012","Census block group","424","74.8","865","3.6","12.9","23.5","82.8","4.3","5","4","3.9","408","266","17.9","2.5","190.7","424","0","3","-5","0","480444","237.4","446295","245.99","-5","-5","-5","895","17","9","15","20","4","80","50","-1","-1","27.3","2.5","27.8","3.6","32.9","0","4","265","149","-5","7.7","0","B,G","61.3","1357","5.5","25.5","6.9"
"550250002021","Census block group","484","98.1","1189","5.6","19.1","27.7","85.5",".8","5.4","4.6","3.6","474","370","27",".6","338.2","480","0","4","-5","0","609407","200.74","602528","203.73","309369","231.52","-5","-5","14","0","9","0","12","80","60","-1","-1","12","0","0","1.1","0",".9","8","484","232","147177","0","0","B","64","507","1.3","32.5","6.9"
"550250003021","Census block group","452","86.4","1110","4.5","25.8","18.5","81.4","1.3","7.9","6.2","3.2","434","320","36.9","2.8","200.9","456","0","6","-5","0","577365","260.25","522891","274.03","-5","-5","-5","2011","14","1","9","13","23","64","38","-1","-1","12.5","0","2.4","2.4","5.2","0","2","57","60","137500","6","2.3","B","27.6","786","1.4","14.1","7.4"
"550250003022","Census block group","425","82","1066","5.5","28","19.4","74.4","1.6","13.7","5.9","4.4","411","294","39.9","5.1","152.7","423","0","12","-5","2","550945","260.99","513350","252.92","252550","200.36","-5","1880","6","3","5","3","11","58","35","-1","-1","7.7",".8","9.2","3.7","12.4","0","4","280","243","156593","0","3.6","None","49.9","1238","15.1","37.9","7.8"
"550250004011","Census block group","1135","76.5","2609","5","19.7","18.3","83.9","1.5","3.6","6.1","4.9","1112","696","26.1","2.6","298","1095","0","7","-5","0","526778","288.64","485043","279.36","443358","391.22","-5","1814","22","5","23","7","38","139","70","3.5","7.1","17.5","0","4.3","4","9.2",".6","6","214","172","129360","0",".8","B","26","791","1.4","36.7","7.1"
"550250004012","Census block group","482","93.4","1096","6.4","21.4","23.7","86.4","1.2","3.1","5.1","4.2","468","326","26.7","2.8","150.8","480","0","7","-5","0","503246","249.28","478275","259.42","-5","-5","-5","-5","3","1","7","4","30","74","58","-1","-1","27","0","4.3","2.5","7.7","5.6","4","127","71","133875","0","4.8","B","10.2","791","1.7","19.4","7.4"
"550250004021","Census block group","586","76","1311","6.3","21.1","19","81.7","2.6","5.9","4.5","5.3","580","361","26.4","2.6","268.2","583","0","2","-5","1","448929","252.79","406499","264.65","178520","179.89","-5","1284","9","0","11","0","17","108","64","-1","-1","34.4","1.4","11.5","3.4","12.6","1","4","312","249","117857","0","0","P,B,G","17.7","2029","1.8","23.5","6.8"
"550250004022","Census block group","569","73.7","1330","5.3","20.6","22.7","77","3.5","8.6","4","7","556","369","27.5","3.1","443.1","876","0","9","-5","143","510837","251.52","503226","244.83","227050","181.35","-5","1700","24","8","24","20","28","184","121","-1","-1","27.5",".9","17.8","2.3","14.3","1.2","5","194","66","100500","27.3","1.3","P,B,G","18.5","1179","4.3","43","6.3"
"550250004061","Census block group","1164","42.4","2374","5.5","17.4","10.8","66.1","4.5","16.8","6.1","6.4","1118","455","18.6","3.3","438.5","1513","0","10","-5","104","459873","210.86","407338","204.95","351252","245.76","-5","1516","29","10","33","27","15","132","71","8.9","17.7","30.3","4.2","42.3","5.3","33.1","3.4","4","538","74","91729","2.8","2.8","P","25.8","105","1.5","5.9","8.1"
"550250004062","Census block group","905","15.2","1386","1.7","5.8","40.5","76.4","2.5","15.4","1.7","4.1","862","226","8.7",".9","243.9","1115","0","0","-5","0","423080","218.78","416900","212.34","403784","240.55","-5","1475","41","13","65","50","38","419","189","-1","-1","-1","-1","-1","-1","-1","0","4","563","78","88439","0","0","P,B,G","26.6","2073","7.8","16.9","7.2"
"550250004071","Census block group","637","43.8","1599","8.6","26.1","9.9","48.1","23.3","7.6","6.5","14.5","605","357","28.8","6.6","144.1","642","0","8","-5","6","362818","194.62","351650","203.52","231420","204.97","-5","1219","76","17","28","53","13","186","101","9.7","23.6","68.4","9.7","68.2","11.1","75.5","0","10","290","82","69185","0","6.4","B","27.9","881","3.4","8.8","6.7"
"550250004072","Census block group","803","49.8","1888","8.3","26.1","10.4","44.5","25.8","8.4","5.7","15.6","783","479","31.9","11.5","176.6","805","0","11","-5","0","431579","185.94","334777","174.97","197123","184.09","-5","1259","112","30","57","99","20","291","157","13.4","19.5","80","7.1","72","14","63.7","1.2","11","572","301","70000","14.7","6.1","B,G","25","886","0","24.9","7.5"
"550250004074","Census block group","307","78.1","797","5.6","22.1","15.1","61","8.7","3","6.5","20.8","302","195","30.8","3.3","81.1","309","0","8","-5","0","337647","208.17","323460","200.85","201650","215.36","-5","-5","12","2","8","23","6","90","32","-1","-1","78.4","23.6","77.2","6.9","74.2","0","7","181","86","100000","0","0","B","61.5","881","0","25.9","7.7"
"550250005043","Census block group","595","62.8","1307","6.3","21.4","9.7","80.4","1.8","7.4","3.3","7.1","579","302","27.5","1.9","252.7","595","0","2","-5","0","508839","209.42","450937","210.42","347789","270.95","-5","1710","8","2","13","3","18","51","31","-1","-1","37.1",".7","17.9","2.8","14.2","3.4","3","530","66","122946","0","2.4","None","69.9","493","0","10.3","8.1"
"550250005044","Census block group","537","70.7","1166","8.2","21.6","12.2","78.7","1.8","8.5","4.2","6.8","519","319","27.7","2.3","280","756","0","3","-5","0","500243","210.98","471717","224.89","319398","208.29","-5","1545","2","0","16","3","4","51","27","-1","-1","16.7","3.7","11.2","0","13","0","1","6","1","127695","0","2.8","None","100","0","0","5.7","7.8"
"550250005045","Census block group","709","58.9","1740","6.8","23","7.8","65.7","8.6","5.5","5.1","15.1","705","442","29.5","4.4","201.4","715","0","10","-5","0","412352","207.27","383450","218.9","241117","201.34","-5","1393","16","13","13","12","7","93","48","5.8","13","41","1.4","43.9","1","32.9","0","2","66","50","88140","24.8","1.1","None","36.2","388","10.8","4.3","7.1"
"550250005051","Census block group","607","67.4","1689","7.3","26.1","13.3","57.7","16.9","4.5","5","16","598","428","33.3","6.5","176.8","608","0","9","-5","26","378284","201.89","384596","188.06","246199","180.16","-5","1382","64","18","46","42","7","189","91","11.8","11.8","61.2","12.6","67.3","6.3","66","0","10","191","29","71969","8.6","5.2","B","54.8","881","0","21.5","7.4"
"550250005052","Census block group","989","57.2","2242","6","19.8","11.2","72.4","6.6","6.8","4.3","9.9","979","599","24.8","3.4","243.1","994","0","20","-5","2","444642","201.76","435882","188.72","320854","217.73","-5","1377","20","4","19","13","15","83","45","3.9","13.2","-1","0","26.3","0","13.2","0","12","255","186","94773","0","0","P,B,G","63.9","978","0","4.8","7.1"
"550250005061","Census block group","252","93.5","599","7.2","20.9","18.5","80.1","3.7","4.2","4.8","7.2","248","164","27","1.6","115.8","252","0","4","-5","1","352799","215.95","329118","207.16","-5","-5","-5","-5","10","4","10","13","4","60","24","-1","-1","25","3.3","30.8","0","29.5","-5","8","88","28","-5","-5","-5","B","69.8","881","-5","-5","7.9"
"550250006002","Census block group","514","4.8","1287","8.6","36.9","4.1","10.3","22.6","3.6","4.2","59.3","482","322","45.8","21.6","54.4","531","0","11","-5","107","356023","238.32","-5","-5","114350","149.43","-5","1037","81","40","45","156","10","140","74","13.9","29.6","91.1","24.9","92.2","7.7","87.7","47.3","9","248","29","55551","19","1.5","B,G","0","392","10.2","18.5","7.4"
"550250006003","Census block group","519","45.7","1169","8.1","26.4","8.8","48.2","20.9","2.1","4","24.8","501","266","29.9","12.8","205.9","587","0","29","-5","162","274580","228.4","269695","208.93","-5","-5","-5","1421","115","35","121","137","30","168","88","-1","-1","77.5","6.7","78.1","13.7","84.2","3.4","11","306","68","76250","17.8","0","P,B,G","23.3","894","1.6","18.6","6.3"
"550250007001","Census block group","318","98.4","851","6.9","26","21.3","88.1",".7","1.6","6.5","3.1","312","248","35.6",".6","112.4","320","0","2","-5","0","785909","316.49","809722","318.43","-5","-5","-5","-5","2","0","3","2","15","31","33","-1","-1","11.1","0","1.5","0","0","0","7","211","86","217260","0","2.7","None","33.4","785","0","33.2","6.4"
"550250007002","Census block group","611","62.1","1232","6.6","22.6","17.1","83.4","2.4","2.7","4.3","7.3","602","326","25.2","2.3","177.7","665","0","6","-5","0","523330","269.53","476623","250.27","213259","190.42","-5","1357","10","0","16","13","19","160","50","-1","-1","24.1","5","15","3.8","25.5","0","4","189","69","113854","0","0","P,B,G","49.5","392","0","24.1","6.1"
"550250011022","Census block group","1"," ","1421",".1",".4",".1","76.3",".8","12.2","5.3","5.5","0","0"," "," ","116.9","1","1214","0","-5","0","-5","-5","-5","-5","-5","-5","-5","-5","0","0","2","0","6","150","148","-1","-1","-1","-1","-1","-1","-1","-5","3","310","121","-5","-5","3.5","B","0","1747","-5","55.2","6.7"
"550250012001","Census block group","735","9.9","1126","3.6","13.1","14.8","52.3","17.5","15.1","3.5","11.5","708","150","8","4.2","84.9","828","0","4","-5","459","514736","309.38","375262","297.88","-5","-5","-5","-5","78","19","51","143","44","442","358","-1","-1","74.1","18.3","71.3","3.4","83.9",".2","3","92","9","19787","0","9.2","P,B","7.4","1870","51.1","54.8","6.7"
"550250012002","Census block group","603","29.9","1224","6.4","15.6","7.8","76.5","5.5","6.6","5.7","5.7","579","234","17.6","5.7","153","606","0","6","-5","82","513809","314.4","406776","308.48","349615","326.32","-5","1289","93","21","25","79","17","113","145","-1","-1","30.4","0","43.4","22.7","49","0","3","199","71","56286","25.6","2.1","P,B","1.8","1482","10.9","33.1","6.1"
"550250012003","Census block group","772","46.3","1886","3.7","13.4","13.4","83.4","1.6","4.6","5.8","4.6","736","353","18.3","1.2","117.8","815","4","8","-5","0","815293","349.39","550704","325.57","-5","-5","-5","1678","31","2","34","19","33","111","107","-1","-1","8","0","3.8","0","5.1","0","3","112","61","77500","0","3.2","P,B,G","5","1658","7.1","46.5","7.3"
"550250012004","Census block group","948","14.4","2198","3.3","7.5","3.3","83.7","1.7","6","4.6","4","922","216","10.4","2.3","103.3","1018","0","16","-5","10","496344","296.46","398951","274.09","285977","262.7","-5","1802","165","35","63","127","58","258","253","-1","-1","-1","15.8","36.8","6.7","36.8","0","6","236","106","78571","0","2.5","P,B","0","1720","3.8","27.3","7.1"
"550250013001","Census block group","936","54.1","1723","5.6","17.1","18.4","79.8","5.4","2","6.7","6","896","370","17.9","1.3","264.2","1066","0","17","-5","169","458727","299.16","388572","305.54","-5","-5","-5","897","76","14","66","91","44","311","218","-1","-1","29.7","0","10.2","7.6","23.3","1.5","5","232","161","125912","10.7","6.9","P,B,G","10.4","1180","12.5","31.3","6.1"
"550250013002","Census block group","529","18.6","672","2.8","9.8","7.4","81.4","1.6","5.4","6.3","5.4","419","122","10.3","1.4","101","817","0","1","-5","164","423118","253.59","377169","272.81","-5","-5","-5","1284","75","19","61","76","32","275","146","-1","-1","-1","0","31.6","0","21.1","6.1","2","86","40","87750","25","1.7","P,B,G","3.4","1260","1.8","29.5","6.6"
"550250014011","Census block group","1046","8.9","1851","5","18.2","7.1","37.2","24.7","10.2","5.1","22.9","1014","299","14.5","5.2","133.9","1044","0","6","-5","140","237692","187.07","225531","197.79","177250","145.05","-5","1044","158","40","74","155","30","277","198","4.6","29.2","86.3","23.6","83.4","14.9","91.5","6.4","6","248","95","48456","12.1",".5","P,B,G",".7","2122","8.3","23.2","7.3"
"550250014012","Census block group","519","10.8","1258","6.8","28.9","3.3","27.8","16.9","10.7","4.5","40.1","518","276","27.4","8.7","92.2","483","0","3","-5","65","262725","149.28","251267","199.1","121991","144.26","-5","1211","67","22","49","82","42","163","179","-1","-1","87.5","31.1","89.5","10.9","87.4","10.1","3","181","82","69725","0","0","B","13.3","2272","6","26.3","7.2"
"550250016051","Census block group","1008","14.5","1597","1.2","3.4","6","77.4","2.3","8.7","4.9","6.6","958","129","2.5",".6","31.7","921","0","5","-5","0","460900","179.41","400783","267.99","446731","345.29","-5","1315","32","9","41","43","33","183","146","-1","-1","-1","-1","-1","-1","-1",".4","2","12","9","45938","0","0","P,B,G","0","1651","31.1","56.5","6.8"
"550250016052","Census block group","1168","1.3","1727","1.4","3.8","3.6","74.6","3.7","9.8","5.9","6","1141","138","2.3",".7","55.6","1236","0","13","-5","95","517050","263.13","395293","263.35","372750","344.29","-5","1586","55","20","61","62","41","200","109","-1","-1","-1","-1","-1","-1","-1","2.7","2","12","9","58578","0","2.5","P,B,G","15.9","1651","35.6","58.4","6.4"
"550250016061","Census block group","1055","0","1619","3.3","6.6",".1","70.1","1.1","18.4","4.1","6.3","997","100","3.8","1.7","12.5","990","0","0","-5","0","-5","-5","509125","402.79","-5","-5","-5","1552","30","9","35","36","25","166","223","-1","-1","-1","-1","-1","-1","-1","6.7","0","0","0","18797","-5","1.1","P,B,G","0","1770","49.6","50.5","7.3"
"550250016062","Census block group","963","1","2110","2.2","5.2",".3","69.4","3.6","14.4","5.1","7.5","953","111","3.4",".7","38","1003","0","30","-5","0","-5","-5","429414","279.09","-5","-5","-5","1693","33","4","55","57","37","167","214","-1","-1","-1","-1","-1","-1","-1","4.3","2","12","9","30658","0","4","P,B,G","0","1651","34.5","47.5","7.9"
"550250016063","Census block group","17","0","2495",".1",".3",".1","80.1","2.4","6.9","5.5","5","2","1","50","0","12.4","0","1364","0","-5","0","-5","-5","-5","-5","-5","-5","-5","-5","4","0","3","4","25","182","187","-1","-1","-1","-1","-1","-1","-1","-5","0","0","0","-5","-5","10.1","P,B,G","0","2995","-5","76","6.9"
"550250016064","Census block group","40","0","1290",".5","2.2",".2","66.7","4.1","15.3","6","8","16","4","12.5","12.5","41.3","506","580","0","-5","0","-5","-5","-5","-5","-5","-5","-5","-5","3","1","12","9","28","234","186","-1","-1","-1","-1","-1","-1","-1","-5","3","92","9","-5","-5","7.7","P,B,G","0","1747","-5","94.6","6.6"
"550250017041","Census block group","672","22.5","1254","1.5","3.3","32.3","84.8","1.3","6.5","3.7","3.7","609","132","3.6","1.1","16.4","758","0","17","-5","0","517600","283.77","343400","250.57","398616","375.31","-5","2221","10","1","19","13","26","237","148","-1","-1","-1","-1","-1","-1","-1","0","0","0","0","76923","0","0","B,G","0","1616","10.1","23.7","7.2"
"550250017042","Census block group","648","36.6","769",".7","1","26.4","81.3","4.4","8.1","4.4","1.8","574","113","1.9",".3","11.6","626","0","1","-5","200","-5","-5","-5","-5","458455","354.86","-5","-5","37","10","40","61","20","310","257","-1","-1","-1","-1","-1","-1","-1","0","0","0","0","41591","0","0","B,G","0","2085","43.6","84.9","6.8"
"550250017043","Census block group","602","5.7","841","1.1","1.8","7","75.9","2.6","12.5","4.6","4.4","579","88","1.2",".3","43.6","500","0","15","-5","0","-5","-5","-5","-5","937177","482.09","-5","1960","116","44","49","207","46","752","605","-1","-1","-1","-1","-1","-1","-1","0","1","150","121","36843","32","4.6","P,B,G","0","3879","11.3","47.8","7.5"
"550250017044","Census block group","587","31.3","1290",".9","3.7","10.5","64.7","20.2","5.8","3.4","6","543","143","3.9",".6","32.7","698","0","3","-5","0","-5","-5","-5","-5","651796","437.03","-5","1191","294","29","85","348","31","510","243","-1","-1","-1","-1","-1","-1","-1","0","1","150","121","49330","15","4","P,B,G","0","2718","28.8","44.5","7.9"
"550250020001","Census block group","285","21.9","667","7.3","29.3","4.5","30.8","39.7","7.9","5.8","15.8","277","148","30.3","13.1","82.5","279","0","2","-5","58","251367","226.22","231200","215.77","-5","-5","-5","-5","38","10","25","63","22","121","71","-1","-1","95.3","18.1","78","8.2","81.2","-5","5","100","6","-5","-5","-5","P,B","34.4","1250","-5","-5","6.1"
"550250020002","Census block group","816","42.9","1446","4.4","13.6","9.7","82.6","3.7","2","5.6","6.1","791","301","16.9","3.3","199.6","1008","0","13","-5","71","357474","286.96","301071","266.14","-5","-5","-5","1386","42","9","49","53","19","142","94","-1","-1","32.1","1.9","41.9","4.5","40.2","2.8","4","234","53","70030","18.1","3.2","P,B,G","24.3","1323","9.5","43.2","6.7"
"550250020003","Census block group","762","67.3","1631","4.2","15.9","20.8","85","2.1","2.1","5.8","5","734","422","21.9","2.2","125.1","771","0","9","-5","0","581209","355.32","537157","339.99","285373","288.47","-5","1761","12","1","14","3","12","100","66","-1","-1","11.9","0","8.5","2.4","9.7","0","3","260","83","170720","0","0","B,G","16.3","935","0","36.3","6"
"550250020004","Census block group","1079","53.6","2017","5.2","17.2","10.8","82.1","5.6","1.6","4.7","6","1037","456","17.9","4.3","172.3","1248","0","16","-5","155","353813","287.84","295614","270.14","264457","269.34","-5","1248","196","39","93","147","45","569","251","12.7","11.1","46.6","3.6","39.7","8.7","47.6","0","7","432","127","75838","0","6.5","P,B,G","9.6","3032","4.1","17.1","7.1"
"550250021001","Census block group","714","57.7","1336","3.7","13.5","11.6","74.5","5.2","2.8","7.6","9.9","693","297","15.3","3.3","285","899","0","22","-5","151","290095","260.81","266069","247.55","263996","164.79","-5","989","130","29","66","130","56","374","232","19.7","27.3","78.3","4.7","73.3","12.9","71.3","1.9","4","146","63","45917","9","1.2","P,B,G","48.6","1415","5","18.2","7.1"
"550250021002","Census block group","679","39.7","1173","4.2","15","10.8","71.4","8.4","1.8","8.8","9.5","645","234","15.7","4.2","91","809","0","11","-5","97","308261","268.27","283770","264.43","275500","249.32","-5","999","107","30","47","172","45","307","228","-1","-1","54.5","11.4","79.5","18.2","63","0","6","302","44","58542","11.1","7.7","P,B","19.5","2097","9","23.5","7.7"
"550250021003","Census block group","621","62.4","1177","4.6","15.1","11","85","2.5","1.4","6.5","4.5","606","258","19.8","2.3","118.9","630","0","16","-5","0","339835","272.95","315535","260.74","-5","-5","-5","1352","35","4","15","41","34","424","150","-1","-1","17.4","2.5","15.2","0","30.4","0","3","216","44","88173","4.7","0","B","0","2097","7.9","30.8","7.9"
"550250021004","Census block group","545","59.6","1041","5.3","14","13.4","79.1","5.8","1.6","6","7.5","526","204","16","3","269.6","871","0","16","-5","62","332318","263.23","284690","255.79","-5","-5","-5","950","80","14","62","70","56","240","153","-1","-1","34.6","0","41.8","10.3","40","4.9","5","213","85","61500","0","0","B","0","2612","8.6","19.4","7.9"
"550250022001","Census block group","576","45.7","1185","6.2","20.3","15.7","54.7","22.7","5.9","8.4","8.3","562","282","22.2","12.3","129.1","604","0","4","-5","140","322290","210.23","323780","193.93","-5","-5","-5","963","98","19","85","129","42","258","179","6.3","22.2","53.3","2","85.3","5.7","78.5","0","5","284","51","51579","39.8","5.6","P,B,G","2.2","1429","12.8","26.1","7.4"
"550250026024","Census block group","942","3.5","1657","6.7","18.9","7","55","14.2","7.4","8","15.5","867","331","19.2","5.9","205","1015","0","6","-5","0","355218","194.97","328120","192.13","-5","-5","-5","1345","125","63","79","242","5","278","130","7.7","21.9","76.9","17.3","82.7","6.7","65.6","0","3","76","13","57645","12.1","0","B","19.1","262","6.2","14.4","6.9"
"550250026031","Census block group","792","24.5","1793","6","20.1","11.6","52.9","17.4","6.7","7","16","748","389","24.6","7.6","321.6","849","0","31","-5","76","302524","186.67","276163","172.82","208179","169.44","-5","-5","170","39","99","226","30","389","256","6.3","15.6","80.4","12.9","85.1","12.2","74.9","2.4","2","138","60","44087","7.4","1.2","P,B","0","501","44.7","37.5","7"
"550250026032","Census block group","327","34.4","684","5.7","15.5","12.6","50.9","19.2","8.5","5.7","15.8","317","154","15.5","3.5","830.8","991","0","20","-5","28","387448","183.61","344900","229.02","253667","159.44","-5","1152","454","88","733","668","106","1162","515","-1","-1","76.5","6.9","87.9","7.7","81.5","0","5","87","54","-5","0","0","P,B,G","53.7","1625","0","7.8","7.3"
"550250026033","Census block group","1177","57.4","2859","5.8","22.8","8","58.1","11.5","12.6","4.6","13.1","1150","649","27","3","373.7","1185","0","13","-5","0","388973","196.21","372800","195.33","232889","176.46","-5","1342","48","12","49","77","17","162","104","10.5","12.5","63.8","10.3","65.2","6.4","58.3","1","2","36","4","104792","0","0","B","74.5","501","3.6","10.8","8"
"550250027001","Census block group","461","82.5","942","3.4","14.6","18.6","84.9","2.3","1","6.9","4.9","452","239","20.1","2.9","175.6","460","0","2","-5","0","328785","253.9","312538","242.31","-5","-5","-5","1148","45","10","190","106","25","141","107","-1","-1","53.3","0","44.7","0","39","2.1","6","524","74","89773","17.1","3.2","B","29.6","1090","1.9","24.2","6.9"
"550250027002","Census block group","770","62.2","1443","5.3","15.1","18","80.8","5.2","2.4","5.1","6.5","746","341","15","4.7","239.4","1005","0","19","-5","154","348553","266.32","333876","272.71","495506","342.04","-5","1494","62","24","39","69","23","217","128","-1","-1","34.5","2.2","37","4.7","43.6","0","6","335","74","65057","1.8","0","P,B","10.8","1637","18.7","25.5","7"
"550250027003","Census block group","565","79.3","1042","4.7","14.3","18.3","87.2","2.1",".8","3.6","6.2","540","241","16.9","3.9","360.4","565","0","8","-5","1","321962","281.27","301005","280.42","-5","-5","-5","1647","26","11","22","44","27","101","80","11.1","17.3","35.8","4.1","43.6","5.7","26.4","0","6","316","97","80051","0","0","P,B","3.7","1090","6.8","14","6.4"
"550250028001","Census block group","741","80.8","1513","3.7","14.7","19.4","85.3","2.2","1.1","4.2","7.1","714","405","17.8","2","250.2","809","0","15","-5","0","328213","234.85","298357","237.88","-5","-5","-5","1010","51","9","24","62","25","162","117","-1","-1","52.9","1","37.5","9","43","0","7","479","109","83272","3.1","10.4","P,B",".2","1637","2.8","17.6","5.3"
"550250028002","Census block group","317","87.7","682","4.8","12.9","21.3","83.3","2.2","1.9","5.7","6.9","301","174","18.9","1.7","167.4","336","0","7","-5","0","360292","217.17","318043","231.71","-5","-5","-5","-5","9","7","13","13","20","83","50","-1","-1","-1","0","29.4","0","30.6","0","5","118","73","127857","0","0","P,B,G","11.9","1085","0","12","6.2"
"550250029001","Census block group","411","65.2","1001","3.8","21","17.8","64.1","9.3","5.2","7.1","14.4","405","242","24.7","6.4","310.3","420","0","11","-5","8","344246","213.96","330750","221.72","-5","-5","-5","1403","53","15","49","83","23","173","102","-1","-1","56.5","9.9","68.1","10.1","59.1","0","3","18","13","82750","2","3.5","P,B,G","3.6","824","1.5","25.9","6.4"
"madison","City of Madison","128493","44.5","274730","5","16.4","13.1","68.8","7.3","9.4","5.4","9","123052","55260","19","3.8","54227.7","139910","7169","1657","-5","7284","451395","237.35","481261","234.05","304916","237.07","-5","1364","12010","2879","8735","15051","2482","26334","15919","9","17.4","51.6","7.6","49.3","7","50.2","2.7","265","12464","5705","76983","6.6","2.7","P,B,G","27.4","8540","12","29.6","7.1"
"550250107023","Census block group","519","74.5","1235","6.6","15.7","19.4","72.3","5.6","10.5","5","6.6","474","278","25.5","3","154.9","648","0","8","-5","0","391615","211.57","365555","215.16","319728","205.88","-5","-5","18","4","29","5","13","160","60","7.8","11.8","55.6","5.6","46.8","3.2","43.1","0","10","254","232","127656","0","0","P,B,G","22.7","978","0","15.3","6.9"
"550250107025","Census block group","729","94","1972","8.5","27.2","5.9","71.8","3.6","13","6.8","4.9","718","538","40.9","2.6","212.6","730","0","11","-5","0","408584","213.73","397087","215.18","273459","186.18","-5","-5","7","1","8","2","6","49","42","5.7","8.7","29.4",".8","13",".5","11.3","0","7","149","78","141375","0","3.5","P,B,G","94.9","390","2.5","9","7.5"
"550250108011","Census block group","937","63.2","1909","7.5","19.7","8.9","78.3","3.5","7.9","4.1","6.3","923","465","24.9","2.8","242.7","1222","0","10","-5","0","431347","218.57","398933","222.66","298279","208.15","-5","1635","6","2","12","13","4","68","51","9.1","12.5","48.5",".7","30.5","3.7","32.5","0","6","243","227","124770","0","1.8","P,B,G","42.8","590","0","12","7.7"
"550250108013","Census block group","708","42","1435","5.8","19.9","10","72.5","6.3","7.9","5.7","7.6","700","339","21.7","3.3","148.4","716","0","2","-5","68","523429","185.77","474350","199.43","319472","215.27","-5","1420","19","1","26","6","11","87","43","-1","-1","47.1","3.2","40.3","5.3","39.4","4.7","8","361","331","113130","3.8","1.7","P,B,G","25.8","978","8.4","9.9","7.2"
"550250108014","Census block group","451","95.8","1271","8.8","25.9","7.6","78.3","1.4","9.5","5.2","5.6","451","352","42.8","1.8","279.4","455","0","5","-5","0","459247","206.34","440431","194.69","312018","219.24","-5","-5","1","1","3","4","3","30","25","5.8","11.5","33.3","1.3","16","3","9.5","0","2","118","122","183750","0","0","None","94.9","388","0","0","7.4"
"550250109031","Census block group","777","71.9","1662","3.9","16.7","19.5","74.8","2.4","16.1","3.4","3.3","739","465","22.3","1.1","466.8","814","0","3","-5","0","690700","209.3","631721","198.52","557587","293.38","-5","1349","1","0","2","1","16","72","33","9.3","16.7","44","2.8","13.9","1.2","19.4","1.6","2","58","9","137206","0","0","B","60","105","0","14.3","7.7"
"550250109032","Census block group","809","66.4","1882","7","20.9","9.7","79.2",".5","13.4","3.1","3.7","798","506","29.7","1.6","440.5","811","0","4","-5","0","754483","210.51","637868","205.11","452281","311.19","-5","1492","5","3","6","6","5","47","36","6.8","6.8","25","2.4","7.1","1","8.3","7.9","2","58","9","119375",".2","1.9","B","97.5","105","2.1","6.8","7.6"
"550250109033","Census block group","409","39.5","803","8.1","19.5","8.6","74.3","2.6","13.6","5.7","3.7","397","189","20.7",".5","727.4","444","0","2","-5","0","580700","263.09","611096","221.79","-5","-5","-5","1448","4","0","6","6","13","34","11","7.8","9.8","36.4","0","11.6","0","18.2","0","0","0","0","125750","0","0","None","13.5","105","0","3.9","8"
"550250109051","Census block group","753","30.3","1203","3.5","8.2","22.8","73.2","2.3","16.6","2.7","5.2","714","257","9.8","1","351.4","757","0","3","-5","0","463632","213.38","401938","211.12","244310","206.05","-5","1360","26","8","71","39","50","161","67","-1","-1","27.8","9.4","35.8","2.8","41.5","6","2","14","11","96202","0","0","P,B,G","49","476","10.8","14.8","7.3"
"550250114031","Census block group","952","51.5","1912","4.8","14.1","14.4","78.9","6.1","4.9","4.8","5.2","936","477","17.1","2.5","506.8","960","0","7","-5","0","429785","199.9","414842","201.83","315408","205.94","-5","1591","18","6","15","22","6","121","63","2.7","14.7","61.1","0","48","2","43.6",".7","5","99","66","111800","0",".3","B","29.5","907","1.2","8.2","7.9"
"550250114032","Census block group","394","82.2","1013","9.2","24.2","8.8","70.7","10","4.6","7.1","7.6","388","270","34.8","3.9","290.8","619","0","4","-5","225","398961","214.32","353276","218.12","271153","195.41","-5","2145","59","24","55","95","5","151","97","10.1","17.4","72","3","59","7.1","56.4","5","3","83","60","108438","0","0","None","29.9","387","3.7","5.7","7.9"
"550250114051","Census block group","1220","23.9","2217","5.2","13.8","23.1","65.6","3.9","21.4","4.2","5","1152","453","14.2","1.9","1320.8","1889","0","1","-5","0","359284","233.24","356867","216.1","293144","171.29","-5","2019","110","18","46","97","72","512","187","12.6","16.1","-1","-1","-1","-1","-1","4.9","2","190","118","98906","0","2","P,B","100","431","16.2","22.5","7.3"
"550250114052","Census block group","834","39.5","1398","3.9","13","11.9","69.8","8.4","8.4","4.8","8.6","742","245","14.5","4.6","694.8","912","0","10","-5","57","-5","-5","-5","-5","233029","187.39","-5","1486","72","10","39","60","61","292","141","5.7","20.8","-1","0","81.8","25","69.3","0","2","146","102","80078","3","0","P,B","72.3","533","0","1.3","7.7"
"550250114053","Census block group","287","61.7","525","5.6","19.7","4","63.3","7.1","15.1","7.5","7.1","238","130","27.3",".8","1609.9","694","0","9","-5","0","433525","221.77","400143","245.16","455128","258.37","-5","-5","15","1","16","7","13","44","23","6.3","14.3","-1","-1","-1","-1","-1","-5","2","210","214","-5","-5","-5","B","99.9","0","-5","-5","8.1"
"550250114061","Census block group","1094","89.4","2611","5.7","20.8","15.9","72.5","8.8","6.3","5.4","6.9","1046","696","26.6","3.9","527.9","1538","0","12","-5","0","435486","210.9","417472","215.89","308755","218","-5","1215","35","23","59","40","13","212","145","6.7","11.2","46.8","2","30.9","7.9","28","0","8","117","79","132222",".9","3.9","P,B,G","42.5","907","0","17.3","7.4"
"550250114062","Census block group","1109","22.2","2240","6.1","17.5","19.6","71.7","12","5.1","4.9","6.4","1094","427","18.6","6.5","237","1295","0","5","-5","94","408536","215.42","370207","218.42","304681","221.18","-5","1547","70","15","41","44","6","526","118","11","16.4","79.2","3.3","67.5","16.6","74.1","0","5","34","20","93841","3.7","1.9","P,B,G","66.6","907","4.8","6.7","7.3"
"550250114071","Census block group","885","66.5","1571","2.4","11.4","26.1","79","6","2.9","5.9","6.2","845","376","13","1.9","3668.1","856","0","10","-5","65","533108","184.97","459359","198.62","246273","193.84","-5","892","68","27","60","57","23","252","154","-1","-1","44.8","1.3","40.7","4","46.7","0","3","24","13","57473","5.3",".8","P,B,G","26.6","977","2.1","11.3","7.4"
